{
  "best_model": "SVM",
  "best_metrics": {
    "accuracy": 0.85,
    "precision": 0.8776738952536824,
    "recall": 0.85,
    "f1": 0.8563180272108843,
    "cv_mean": 0.8928841443739604,
    "cv_std": 0.03578495558376541
  },
  "all_results": {
    "SVM": {
      "accuracy": 0.85,
      "precision": 0.8776738952536824,
      "recall": 0.85,
      "f1": 0.8563180272108843,
      "cv_mean": 0.8928841443739604,
      "cv_std": 0.03578495558376541
    },
    "Random Forest": {
      "accuracy": 0.8125,
      "precision": 0.8510416666666668,
      "recall": 0.8125,
      "f1": 0.8229166666666666,
      "cv_mean": 0.864958203692931,
      "cv_std": 0.04323796356633228
    },
    "Logistic Regression": {
      "accuracy": 0.7875,
      "precision": 0.8394345238095238,
      "recall": 0.7875,
      "f1": 0.8016479663394109,
      "cv_mean": 0.8307573072759163,
      "cv_std": 0.05916928309240328
    }
  }
}